True Cost (US$/kg product),State,County,Method of production,County_fips,County_full,State_ac,concatenated
86.63420528,Alabama,Mobile,Conventional,1097,Mobile County,AL,"Mobile County, AL"
63.09047761,Alabama,Madison,Conventional,1089,Madison County,AL,"Madison County, AL"
85.3407879,Alabama,Baldwin,Conventional,1003,Baldwin County,AL,"Baldwin County, AL"
86.7518365,Alabama,Tuscaloosa,Conventional,1125,Tuscaloosa County,AL,"Tuscaloosa County, AL"
78.11575166,Alabama,Montgomery,Conventional,1101,Montgomery County,AL,"Montgomery County, AL"
119.2109673,Alabama,Shelby,Conventional,1117,Shelby County,AL,"Shelby County, AL"
106.4672902,Alabama,Lee,Conventional,1081,Lee County,AL,"Lee County, AL"
76.77671624,Alabama,Morgan,Conventional,1103,Morgan County,AL,"Morgan County, AL"
69.2364657,Alabama,Calhoun,Conventional,1015,Calhoun County,AL,"Calhoun County, AL"
96.19400663,Alabama,Houston,Conventional,1069,Houston County,AL,"Houston County, AL"
77.54456475,Alabama,Etowah,Conventional,1055,Etowah County,AL,"Etowah County, AL"
81.05031741,Alabama,Marshall,Conventional,1095,Marshall County,AL,"Marshall County, AL"
58.16289126,Alabama,Lauderdale,Conventional,1077,Lauderdale County,AL,"Lauderdale County, AL"
88.9824248,Alabama,Cullman,Conventional,1043,Cullman County,AL,"Cullman County, AL"
102.5924368,Alabama,Elmore,Conventional,1051,Elmore County,AL,"Elmore County, AL"
75.11557647,Alabama,Talladega,Conventional,1121,Talladega County,AL,"Talladega County, AL"
74.4319664,Alabama,DeKalb,Conventional,1049,DeKalb County,AL,"DeKalb County, AL"
80.06786777,Alabama,Walker,Conventional,1127,Walker County,AL,"Walker County, AL"
68.125467,Alabama,Blount,Conventional,1009,Blount County,AL,"Blount County, AL"
80.12416713,Alabama,Russell,Conventional,1113,Russell County,AL,"Russell County, AL"
92.20604299,Alabama,Autauga,Conventional,1001,Autauga County,AL,"Autauga County, AL"
67.48806163,Alabama,Colbert,Conventional,1033,Colbert County,AL,"Colbert County, AL"
119.9180946,Alabama,Coffee,Conventional,1031,Coffee County,AL,"Coffee County, AL"
78.34220635,Alabama,Jackson,Conventional,1071,Jackson County,AL,"Jackson County, AL"
102.0192981,Alabama,Dale,Conventional,1045,Dale County,AL,"Dale County, AL"
87.79313295,Alabama,Chilton,Conventional,1021,Chilton County,AL,"Chilton County, AL"
81.8863261,Alabama,Tallapoosa,Conventional,1123,Tallapoosa County,AL,"Tallapoosa County, AL"
87.5548361,Alabama,Dallas,Conventional,1047,Dallas County,AL,"Dallas County, AL"
76.96091324,Alabama,Covington,Conventional,1039,Covington County,AL,"Covington County, AL"
77.82446411,Alabama,Escambia,Conventional,1053,Escambia County,AL,"Escambia County, AL"
82.05607401,Alabama,Chambers,Conventional,1017,Chambers County,AL,"Chambers County, AL"
59.80476566,Alabama,Lawrence,Conventional,1079,Lawrence County,AL,"Lawrence County, AL"
79.39294245,Alabama,Pike,Conventional,1109,Pike County,AL,"Pike County, AL"
85.91753932,Alabama,Franklin,Conventional,1059,Franklin County,AL,"Franklin County, AL"
77.85338231,Alabama,Marion,Conventional,1093,Marion County,AL,"Marion County, AL"
101.4080529,Alabama,Geneva,Conventional,1061,Geneva County,AL,"Geneva County, AL"
75.44739459,Alabama,Cherokee,Conventional,1019,Cherokee County,AL,"Cherokee County, AL"
89.5011595,Alabama,Barbour,Conventional,1005,Barbour County,AL,"Barbour County, AL"
78.58446942,Alabama,Clarke,Conventional,1025,Clarke County,AL,"Clarke County, AL"
81.77838073,Alabama,Randolph,Conventional,1111,Randolph County,AL,"Randolph County, AL"
89.12164738,Alabama,Monroe,Conventional,1099,Monroe County,AL,"Monroe County, AL"
104.8621531,Alabama,Macon,Conventional,1087,Macon County,AL,"Macon County, AL"
76.39458838,Alabama,Marengo,Conventional,1091,Marengo County,AL,"Marengo County, AL"
79.50155381,Alabama,Pickens,Conventional,1107,Pickens County,AL,"Pickens County, AL"
91.00255733,Alabama,Henry,Conventional,1067,Henry County,AL,"Henry County, AL"
83.91824142,Alabama,Fayette,Conventional,1057,Fayette County,AL,"Fayette County, AL"
86.88793958,Alabama,Washington,Conventional,1129,Washington County,AL,"Washington County, AL"
79.44206706,Alabama,Hale,Conventional,1065,Hale County,AL,"Hale County, AL"
78.41252933,Alabama,Lamar,Conventional,1075,Lamar County,AL,"Lamar County, AL"
81.71000528,Alabama,Crenshaw,Conventional,1041,Crenshaw County,AL,"Crenshaw County, AL"
76.90932539,Alabama,Choctaw,Conventional,1023,Choctaw County,AL,"Choctaw County, AL"
87.46264369,Alabama,Sumter,Conventional,1119,Sumter County,AL,"Sumter County, AL"
90.77682138,Alabama,Conecuh,Conventional,1035,Conecuh County,AL,"Conecuh County, AL"
78.00537778,Alabama,Wilcox,Conventional,1131,Wilcox County,AL,"Wilcox County, AL"
77.85448096,Alabama,Lowndes,Conventional,1085,Lowndes County,AL,"Lowndes County, AL"
77.17105994,Alabama,Perry,Conventional,1105,Perry County,AL,"Perry County, AL"
76.88071098,Alabama,Greene,Conventional,1063,Greene County,AL,"Greene County, AL"
65.15706438,Arizona,Maricopa,Conventional,4013,Maricopa County,AZ,"Maricopa County, AZ"
80.55211687,Arizona,Pima,Conventional,4019,Pima County,AZ,"Pima County, AZ"
82.40264094,Arizona,Pinal,Conventional,4021,Pinal County,AZ,"Pinal County, AZ"
81.88229818,Arizona,Mohave,Conventional,4015,Mohave County,AZ,"Mohave County, AZ"
73.71122824,Arizona,Yuma,Conventional,4027,Yuma County,AZ,"Yuma County, AZ"
79.9853358,Arizona,Cochise,Conventional,4003,Cochise County,AZ,"Cochise County, AZ"
94.37233674,Arizona,Graham,Conventional,4009,Graham County,AZ,"Graham County, AZ"
78.50036219,Arizona,La Paz,Conventional,4012,La Paz County,AZ,"La Paz County, AZ"
79.13993819,Arizona,Greenlee,Conventional,4011,Greenlee County,AZ,"Greenlee County, AZ"
85.58915483,Arkansas,Pulaski,Conventional,5119,Pulaski County,AR,"Pulaski County, AR"
74.18274216,Arkansas,Craighead,Conventional,5031,Craighead County,AR,"Craighead County, AR"
89.80537799,Arkansas,White,Conventional,5145,White County,AR,"White County, AR"
85.35964188,Arkansas,Lonoke,Conventional,5085,Lonoke County,AR,"Lonoke County, AR"
81.2445557,Arkansas,Jefferson,Conventional,5069,Jefferson County,AR,"Jefferson County, AR"
90.16111402,Arkansas,Crittenden,Conventional,5035,Crittenden County,AR,"Crittenden County, AR"
85.76607777,Arkansas,Greene,Conventional,5055,Greene County,AR,"Greene County, AR"
85.53534411,Arkansas,Miller,Conventional,5091,Miller County,AR,"Miller County, AR"
82.02323716,Arkansas,Mississippi,Conventional,5093,Mississippi County,AR,"Mississippi County, AR"
89.09335894,Arkansas,Union,Conventional,5139,Union County,AR,"Union County, AR"
85.52797018,Arkansas,Independence,Conventional,5063,Independence County,AR,"Independence County, AR"
86.73833069,Arkansas,Poinsett,Conventional,5111,Poinsett County,AR,"Poinsett County, AR"
81.63543283,Arkansas,Clark,Conventional,5019,Clark County,AR,"Clark County, AR"
90.55811447,Arkansas,Ashley,Conventional,5003,Ashley County,AR,"Ashley County, AR"
79.64904627,Arkansas,Drew,Conventional,5043,Drew County,AR,"Drew County, AR"
84.90621571,Arkansas,Cross,Conventional,5037,Cross County,AR,"Cross County, AR"
84.68863947,Arkansas,Jackson,Conventional,5067,Jackson County,AR,"Jackson County, AR"
94.40015681,Arkansas,Phillips,Conventional,5107,Phillips County,AR,"Phillips County, AR"
87.02294471,Arkansas,Clay,Conventional,5021,Clay County,AR,"Clay County, AR"
83.98399871,Arkansas,Lincoln,Conventional,5079,Lincoln County,AR,"Lincoln County, AR"
83.52275816,Arkansas,Little River,Conventional,5081,Little River County,AR,"Little River County, AR"
83.94878591,Arkansas,Desha,Conventional,5041,Desha County,AR,"Desha County, AR"
91.41517946,Arkansas,Chicot,Conventional,5017,Chicot County,AR,"Chicot County, AR"
91.31746121,Arkansas,Lee,Conventional,5077,Lee County,AR,"Lee County, AR"
86.94481376,Arkansas,Prairie,Conventional,5117,Prairie County,AR,"Prairie County, AR"
87.91077115,Arkansas,Monroe,Conventional,5095,Monroe County,AR,"Monroe County, AR"
88.8696392,Arkansas,Lafayette,Conventional,5073,Lafayette County,AR,"Lafayette County, AR"
85.39762234,Arkansas,Woodruff,Conventional,5147,Woodruff County,AR,"Woodruff County, AR"
60.41767662,California,Riverside,Conventional,6065,Riverside County,CA,"Riverside County, CA"
54.25638381,California,Contra Costa,Conventional,6013,Contra Costa County,CA,"Contra Costa County, CA"
57.01797354,California,Fresno,Conventional,6019,Fresno County,CA,"Fresno County, CA"
58.90218868,California,Kern,Conventional,6029,Kern County,CA,"Kern County, CA"
48.40159284,California,Tulare,Conventional,6107,Tulare County,CA,"Tulare County, CA"
55.91441595,California,Merced,Conventional,6047,Merced County,CA,"Merced County, CA"
51.45726098,California,Yolo,Conventional,6113,Yolo County,CA,"Yolo County, CA"
52.33701642,California,Imperial,Conventional,6025,Imperial County,CA,"Imperial County, CA"
56.68494544,California,Madera,Conventional,6039,Madera County,CA,"Madera County, CA"
43.37023028,California,Kings,Conventional,6031,Kings County,CA,"Kings County, CA"
50.15727301,California,Sutter,Conventional,6101,Sutter County,CA,"Sutter County, CA"
50.65088945,California,Glenn,Conventional,6021,Glenn County,CA,"Glenn County, CA"
50.12874361,California,Colusa,Conventional,6011,Colusa County,CA,"Colusa County, CA"
65.21122522,Florida,Marion,Conventional,12083,Marion County,FL,"Marion County, FL"
53.76731019,Florida,Escambia,Conventional,12033,Escambia County,FL,"Escambia County, FL"
54.56271106,Florida,Okaloosa,Conventional,12091,Okaloosa County,FL,"Okaloosa County, FL"
54.63179895,Florida,Santa Rosa,Conventional,12113,Santa Rosa County,FL,"Santa Rosa County, FL"
54.16583099,Florida,Walton,Conventional,12131,Walton County,FL,"Walton County, FL"
56.34426639,Florida,Columbia,Conventional,12023,Columbia County,FL,"Columbia County, FL"
54.30422741,Florida,Jackson,Conventional,12063,Jackson County,FL,"Jackson County, FL"
54.15886769,Florida,Washington,Conventional,12133,Washington County,FL,"Washington County, FL"
54.46379221,Florida,Holmes,Conventional,12059,Holmes County,FL,"Holmes County, FL"
54.55515837,Florida,Madison,Conventional,12079,Madison County,FL,"Madison County, FL"
65.22150284,Florida,Gulf,Conventional,12045,Gulf County,FL,"Gulf County, FL"
55.39584676,Florida,Jefferson,Conventional,12065,Jefferson County,FL,"Jefferson County, FL"
55.12143065,Florida,Calhoun,Conventional,12013,Calhoun County,FL,"Calhoun County, FL"
56.97688771,Florida,Hamilton,Conventional,12047,Hamilton County,FL,"Hamilton County, FL"
59.59675217,Florida,Lafayette,Conventional,12067,Lafayette County,FL,"Lafayette County, FL"
69.9857705,Georgia,Houston,Conventional,13153,Houston County,GA,"Houston County, GA"
73.81583472,Georgia,Fayette,Conventional,13113,Fayette County,GA,"Fayette County, GA"
77.39102211,Georgia,Lowndes,Conventional,13185,Lowndes County,GA,"Lowndes County, GA"
73.24998129,Georgia,Newton,Conventional,13217,Newton County,GA,"Newton County, GA"
73.21246801,Georgia,Bartow,Conventional,13015,Bartow County,GA,"Bartow County, GA"
71.00131116,Georgia,Floyd,Conventional,13115,Floyd County,GA,"Floyd County, GA"
88.09728781,Georgia,Walton,Conventional,13297,Walton County,GA,"Walton County, GA"
73.00216332,Georgia,Dougherty,Conventional,13095,Dougherty County,GA,"Dougherty County, GA"
85.67907776,Georgia,Barrow,Conventional,13013,Barrow County,GA,"Barrow County, GA"
84.80760308,Georgia,Bulloch,Conventional,13031,Bulloch County,GA,"Bulloch County, GA"
72.46630633,Georgia,Walker,Conventional,13295,Walker County,GA,"Walker County, GA"
91.12109842,Georgia,Effingham,Conventional,13103,Effingham County,GA,"Effingham County, GA"
75.6138918,Georgia,Gordon,Conventional,13129,Gordon County,GA,"Gordon County, GA"
78.81965729,Georgia,Laurens,Conventional,13175,Laurens County,GA,"Laurens County, GA"
66.15234118,Georgia,Colquitt,Conventional,13071,Colquitt County,GA,"Colquitt County, GA"
71.28192132,Georgia,Thomas,Conventional,13275,Thomas County,GA,"Thomas County, GA"
72.7244981,Georgia,Bryan,Conventional,13029,Bryan County,GA,"Bryan County, GA"
72.32446532,Georgia,Coffee,Conventional,13069,Coffee County,GA,"Coffee County, GA"
73.00157863,Georgia,Polk,Conventional,13233,Polk County,GA,"Polk County, GA"
85.62808153,Georgia,Oconee,Conventional,13219,Oconee County,GA,"Oconee County, GA"
80.96920213,Georgia,Tift,Conventional,13277,Tift County,GA,"Tift County, GA"
88.52827192,Georgia,Ware,Conventional,13299,Ware County,GA,"Ware County, GA"
60.28425673,Georgia,Lee,Conventional,13177,Lee County,GA,"Lee County, GA"
77.5929388,Georgia,Wayne,Conventional,13305,Wayne County,GA,"Wayne County, GA"
93.96308002,Georgia,Sumter,Conventional,13261,Sumter County,GA,"Sumter County, GA"
63.65798629,Georgia,Decatur,Conventional,13087,Decatur County,GA,"Decatur County, GA"
73.06950437,Georgia,Jones,Conventional,13169,Jones County,GA,"Jones County, GA"
71.26809321,Georgia,Monroe,Conventional,13207,Monroe County,GA,"Monroe County, GA"
74.53923572,Georgia,Peach,Conventional,13225,Peach County,GA,"Peach County, GA"
73.64692605,Georgia,Upson,Conventional,13293,Upson County,GA,"Upson County, GA"
82.24228366,Georgia,Toombs,Conventional,13279,Toombs County,GA,"Toombs County, GA"
72.28633163,Georgia,Hart,Conventional,13147,Hart County,GA,"Hart County, GA"
67.00652045,Georgia,Grady,Conventional,13131,Grady County,GA,"Grady County, GA"
78.91292106,Georgia,Butts,Conventional,13035,Butts County,GA,"Butts County, GA"
71.05331556,Georgia,Chattooga,Conventional,13055,Chattooga County,GA,"Chattooga County, GA"
73.61850265,Georgia,Burke,Conventional,13033,Burke County,GA,"Burke County, GA"
82.00205076,Georgia,Tattnall,Conventional,13267,Tattnall County,GA,"Tattnall County, GA"
77.32399007,Georgia,Franklin,Conventional,13119,Franklin County,GA,"Franklin County, GA"
100.0107674,Georgia,Emanuel,Conventional,13107,Emanuel County,GA,"Emanuel County, GA"
79.38466933,Georgia,Putnam,Conventional,13237,Putnam County,GA,"Putnam County, GA"
84.83918369,Georgia,McDuffie,Conventional,13189,McDuffie County,GA,"McDuffie County, GA"
62.81315812,Georgia,Mitchell,Conventional,13205,Mitchell County,GA,"Mitchell County, GA"
70.07395734,Georgia,Worth,Conventional,13321,Worth County,GA,"Worth County, GA"
73.87710913,Georgia,Meriwether,Conventional,13199,Meriwether County,GA,"Meriwether County, GA"
63.70059578,Georgia,Crisp,Conventional,13081,Crisp County,GA,"Crisp County, GA"
96.37220371,Georgia,Morgan,Conventional,13211,Morgan County,GA,"Morgan County, GA"
64.36981401,Georgia,Dodge,Conventional,13091,Dodge County,GA,"Dodge County, GA"
78.98971675,Georgia,Washington,Conventional,13303,Washington County,GA,"Washington County, GA"
75.38888633,Georgia,Pierce,Conventional,13229,Pierce County,GA,"Pierce County, GA"
72.2507778,Georgia,Elbert,Conventional,13105,Elbert County,GA,"Elbert County, GA"
74.04993871,Georgia,Lamar,Conventional,13171,Lamar County,GA,"Lamar County, GA"
86.91502213,Georgia,Appling,Conventional,13001,Appling County,GA,"Appling County, GA"
73.70662142,Georgia,Berrien,Conventional,13019,Berrien County,GA,"Berrien County, GA"
76.7188756,Georgia,Brantley,Conventional,13025,Brantley County,GA,"Brantley County, GA"
76.59027253,Georgia,Cook,Conventional,13075,Cook County,GA,"Cook County, GA"
77.26702458,Georgia,Ben Hill,Conventional,13017,Ben Hill County,GA,"Ben Hill County, GA"
70.49219187,Georgia,Long,Conventional,13183,Long County,GA,"Long County, GA"
64.822161,Georgia,Brooks,Conventional,13027,Brooks County,GA,"Brooks County, GA"
67.75210756,Georgia,Jefferson,Conventional,13163,Jefferson County,GA,"Jefferson County, GA"
98.16769754,Georgia,Jeff Davis,Conventional,13161,Jeff Davis County,GA,"Jeff Davis County, GA"
89.20599556,Georgia,Screven,Conventional,13251,Screven County,GA,"Screven County, GA"
69.23683438,Georgia,Telfair,Conventional,13271,Telfair County,GA,"Telfair County, GA"
75.38284419,Georgia,Bleckley,Conventional,13023,Bleckley County,GA,"Bleckley County, GA"
80.05045882,Georgia,Crawford,Conventional,13079,Crawford County,GA,"Crawford County, GA"
71.44663449,Georgia,Macon,Conventional,13193,Macon County,GA,"Macon County, GA"
66.01968171,Georgia,Dooly,Conventional,13093,Dooly County,GA,"Dooly County, GA"
72.71677346,Georgia,Bacon,Conventional,13005,Bacon County,GA,"Bacon County, GA"
79.34456213,Georgia,Candler,Conventional,13043,Candler County,GA,"Candler County, GA"
74.0655814,Georgia,Evans,Conventional,13109,Evans County,GA,"Evans County, GA"
78.46327496,Georgia,Early,Conventional,13099,Early County,GA,"Early County, GA"
75.42719975,Georgia,Lanier,Conventional,13173,Lanier County,GA,"Lanier County, GA"
84.68414514,Georgia,Pulaski,Conventional,13235,Pulaski County,GA,"Pulaski County, GA"
89.71634082,Georgia,Wilkes,Conventional,13317,Wilkes County,GA,"Wilkes County, GA"
76.00008595,Georgia,Irwin,Conventional,13155,Irwin County,GA,"Irwin County, GA"
71.0635224,Georgia,Johnson,Conventional,13167,Johnson County,GA,"Johnson County, GA"
61.75314063,Georgia,Seminole,Conventional,13253,Seminole County,GA,"Seminole County, GA"
70.3725471,Georgia,Terrell,Conventional,13273,Terrell County,GA,"Terrell County, GA"
72.73601891,Georgia,Turner,Conventional,13287,Turner County,GA,"Turner County, GA"
73.50613439,Georgia,Wilkinson,Conventional,13319,Wilkinson County,GA,"Wilkinson County, GA"
68.25083747,Georgia,Wilcox,Conventional,13315,Wilcox County,GA,"Wilcox County, GA"
83.67621406,Georgia,Jenkins,Conventional,13165,Jenkins County,GA,"Jenkins County, GA"
88.47830273,Georgia,Montgomery,Conventional,13209,Montgomery County,GA,"Montgomery County, GA"
70.18548006,Georgia,Atkinson,Conventional,13003,Atkinson County,GA,"Atkinson County, GA"
73.04521534,Georgia,Twiggs,Conventional,13289,Twiggs County,GA,"Twiggs County, GA"
71.14679172,Georgia,Taylor,Conventional,13269,Taylor County,GA,"Taylor County, GA"
71.57856796,Georgia,Wheeler,Conventional,13309,Wheeler County,GA,"Wheeler County, GA"
72.27715758,Georgia,Marion,Conventional,13197,Marion County,GA,"Marion County, GA"
80.93201658,Georgia,Clinch,Conventional,13065,Clinch County,GA,"Clinch County, GA"
78.07839241,Georgia,Treutlen,Conventional,13283,Treutlen County,GA,"Treutlen County, GA"
76.53744829,Georgia,Randolph,Conventional,13243,Randolph County,GA,"Randolph County, GA"
68.93255996,Georgia,Miller,Conventional,13201,Miller County,GA,"Miller County, GA"
59.88999828,Georgia,Calhoun,Conventional,13037,Calhoun County,GA,"Calhoun County, GA"
73.9461498,Georgia,Warren,Conventional,13301,Warren County,GA,"Warren County, GA"
73.18773642,Georgia,Stewart,Conventional,13259,Stewart County,GA,"Stewart County, GA"
70.44974894,Georgia,Schley,Conventional,13249,Schley County,GA,"Schley County, GA"
82.53630982,Georgia,Echols,Conventional,13101,Echols County,GA,"Echols County, GA"
72.71783077,Georgia,Glascock,Conventional,13125,Glascock County,GA,"Glascock County, GA"
69.979957,Georgia,Baker,Conventional,13007,Baker County,GA,"Baker County, GA"
72.46056472,Georgia,Clay,Conventional,13061,Clay County,GA,"Clay County, GA"
93.03093967,Georgia,Webster,Conventional,13307,Webster County,GA,"Webster County, GA"
73.10396562,Georgia,Quitman,Conventional,13239,Quitman County,GA,"Quitman County, GA"
83.56018784,Mississippi,Hinds,Conventional,28049,Hinds County,MS,"Hinds County, MS"
73.91018923,Mississippi,DeSoto,Conventional,28033,DeSoto County,MS,"DeSoto County, MS"
77.06800213,Mississippi,Rankin,Conventional,28121,Rankin County,MS,"Rankin County, MS"
80.36639684,Mississippi,Jackson,Conventional,28059,Jackson County,MS,"Jackson County, MS"
78.12972198,Mississippi,Madison,Conventional,28089,Madison County,MS,"Madison County, MS"
83.78888772,Mississippi,Lee,Conventional,28081,Lee County,MS,"Lee County, MS"
70.33647734,Mississippi,Forrest,Conventional,28035,Forrest County,MS,"Forrest County, MS"
69.37535233,Mississippi,Lowndes,Conventional,28087,Lowndes County,MS,"Lowndes County, MS"
77.62667489,Mississippi,Lafayette,Conventional,28071,Lafayette County,MS,"Lafayette County, MS"
72.93979534,Mississippi,Oktibbeha,Conventional,28105,Oktibbeha County,MS,"Oktibbeha County, MS"
77.93428441,Mississippi,Washington,Conventional,28151,Washington County,MS,"Washington County, MS"
73.71247472,Mississippi,Warren,Conventional,28149,Warren County,MS,"Warren County, MS"
74.91712757,Mississippi,Alcorn,Conventional,28003,Alcorn County,MS,"Alcorn County, MS"
75.47587125,Mississippi,Monroe,Conventional,28095,Monroe County,MS,"Monroe County, MS"
82.22022647,Mississippi,Marshall,Conventional,28093,Marshall County,MS,"Marshall County, MS"
72.69505543,Mississippi,Panola,Conventional,28107,Panola County,MS,"Panola County, MS"
77.79933844,Mississippi,Pontotoc,Conventional,28115,Pontotoc County,MS,"Pontotoc County, MS"
71.52693354,Mississippi,Bolivar,Conventional,28011,Bolivar County,MS,"Bolivar County, MS"
72.43863983,Mississippi,Adams,Conventional,28001,Adams County,MS,"Adams County, MS"
71.26022581,Mississippi,Neshoba,Conventional,28099,Neshoba County,MS,"Neshoba County, MS"
71.32805044,Mississippi,Copiah,Conventional,28029,Copiah County,MS,"Copiah County, MS"
82.91063745,Mississippi,Tate,Conventional,28137,Tate County,MS,"Tate County, MS"
71.92408846,Mississippi,Scott,Conventional,28123,Scott County,MS,"Scott County, MS"
71.15005764,Mississippi,Leflore,Conventional,28083,Leflore County,MS,"Leflore County, MS"
76.08838102,Mississippi,Union,Conventional,28145,Union County,MS,"Union County, MS"
72.38479293,Mississippi,Yazoo,Conventional,28163,Yazoo County,MS,"Yazoo County, MS"
73.54078268,Mississippi,Sunflower,Conventional,28133,Sunflower County,MS,"Sunflower County, MS"
83.91882454,Mississippi,Prentiss,Conventional,28117,Prentiss County,MS,"Prentiss County, MS"
79.25568037,Mississippi,George,Conventional,28039,George County,MS,"George County, MS"
83.19204902,Mississippi,Itawamba,Conventional,28057,Itawamba County,MS,"Itawamba County, MS"
77.29780993,Mississippi,Tippah,Conventional,28139,Tippah County,MS,"Tippah County, MS"
77.3268875,Mississippi,Grenada,Conventional,28043,Grenada County,MS,"Grenada County, MS"
73.05982503,Mississippi,Leake,Conventional,28079,Leake County,MS,"Leake County, MS"
65.71210566,Mississippi,Coahoma,Conventional,28027,Coahoma County,MS,"Coahoma County, MS"
69.60244614,Mississippi,Tishomingo,Conventional,28141,Tishomingo County,MS,"Tishomingo County, MS"
71.07612006,Mississippi,Clay,Conventional,28025,Clay County,MS,"Clay County, MS"
76.99151599,Mississippi,Stone,Conventional,28131,Stone County,MS,"Stone County, MS"
72.5598791,Mississippi,Covington,Conventional,28031,Covington County,MS,"Covington County, MS"
78.51719628,Mississippi,Attala,Conventional,28007,Attala County,MS,"Attala County, MS"
73.82456869,Mississippi,Winston,Conventional,28159,Winston County,MS,"Winston County, MS"
71.93807026,Mississippi,Chickasaw,Conventional,28017,Chickasaw County,MS,"Chickasaw County, MS"
72.94703819,Mississippi,Holmes,Conventional,28051,Holmes County,MS,"Holmes County, MS"
69.94154636,Mississippi,Clarke,Conventional,28023,Clarke County,MS,"Clarke County, MS"
75.33244587,Mississippi,Smith,Conventional,28129,Smith County,MS,"Smith County, MS"
83.58341253,Mississippi,Calhoun,Conventional,28013,Calhoun County,MS,"Calhoun County, MS"
68.5727675,Mississippi,Tallahatchie,Conventional,28135,Tallahatchie County,MS,"Tallahatchie County, MS"
75.65247231,Mississippi,Yalobusha,Conventional,28161,Yalobusha County,MS,"Yalobusha County, MS"
74.13710943,Mississippi,Perry,Conventional,28111,Perry County,MS,"Perry County, MS"
59.2600361,Mississippi,Noxubee,Conventional,28103,Noxubee County,MS,"Noxubee County, MS"
82.96853126,Mississippi,Webster,Conventional,28155,Webster County,MS,"Webster County, MS"
81.66601842,Mississippi,Carroll,Conventional,28015,Carroll County,MS,"Carroll County, MS"
76.93948323,Mississippi,Montgomery,Conventional,28097,Montgomery County,MS,"Montgomery County, MS"
66.87997643,Mississippi,Tunica,Conventional,28143,Tunica County,MS,"Tunica County, MS"
73.17843591,Mississippi,Claiborne,Conventional,28021,Claiborne County,MS,"Claiborne County, MS"
68.91551786,Mississippi,Choctaw,Conventional,28019,Choctaw County,MS,"Choctaw County, MS"
69.43372905,Mississippi,Humphreys,Conventional,28053,Humphreys County,MS,"Humphreys County, MS"
73.06305239,Mississippi,Benton,Conventional,28009,Benton County,MS,"Benton County, MS"
76.43113094,Mississippi,Jefferson,Conventional,28063,Jefferson County,MS,"Jefferson County, MS"
68.17856401,Mississippi,Quitman,Conventional,28119,Quitman County,MS,"Quitman County, MS"
70.60896638,Mississippi,Sharkey,Conventional,28125,Sharkey County,MS,"Sharkey County, MS"
85.06289148,Mississippi,Issaquena,Conventional,28055,Issaquena County,MS,"Issaquena County, MS"
65.24576007,Missouri,Butler,Conventional,29023,Butler County,MO,"Butler County, MO"
67.48287057,Missouri,Scott,Conventional,29201,Scott County,MO,"Scott County, MO"
66.76457394,Missouri,Stoddard,Conventional,29207,Stoddard County,MO,"Stoddard County, MO"
65.26681032,Missouri,Dunklin,Conventional,29069,Dunklin County,MO,"Dunklin County, MO"
66.4404413,Missouri,New Madrid,Conventional,29143,New Madrid County,MO,"New Madrid County, MO"
65.08341949,Missouri,Pemiscot,Conventional,29155,Pemiscot County,MO,"Pemiscot County, MO"
67.42576112,Missouri,Mississippi,Conventional,29133,Mississippi County,MO,"Mississippi County, MO"
39.89067874,New Mexico,Lea,Conventional,35025,Lea County,NM,"Lea County, NM"
27.26091751,New Mexico,Chaves,Conventional,35005,Chaves County,NM,"Chaves County, NM"
35.50068366,New Mexico,Eddy,Conventional,35015,Eddy County,NM,"Eddy County, NM"
25.39923554,New Mexico,Curry,Conventional,35009,Curry County,NM,"Curry County, NM"
29.61907006,New Mexico,Luna,Conventional,35029,Luna County,NM,"Luna County, NM"
25.67905349,New Mexico,Roosevelt,Conventional,35041,Roosevelt County,NM,"Roosevelt County, NM"
29.43022897,New Mexico,Sierra,Conventional,35051,Sierra County,NM,"Sierra County, NM"
26.95259849,New Mexico,Quay,Conventional,35037,Quay County,NM,"Quay County, NM"
31.01199585,New Mexico,Hidalgo,Conventional,35023,Hidalgo County,NM,"Hidalgo County, NM"
77.75208982,North Carolina,Wake,Conventional,37183,Wake County,NC,"Wake County, NC"
63.10866319,North Carolina,Cumberland,Conventional,37051,Cumberland County,NC,"Cumberland County, NC"
60.92305104,North Carolina,Union,Conventional,37179,Union County,NC,"Union County, NC"
65.20651645,North Carolina,Cabarrus,Conventional,37025,Cabarrus County,NC,"Cabarrus County, NC"
71.80678656,North Carolina,Johnston,Conventional,37101,Johnston County,NC,"Johnston County, NC"
92.81998947,North Carolina,Onslow,Conventional,37133,Onslow County,NC,"Onslow County, NC"
62.69875146,North Carolina,Iredell,Conventional,37097,Iredell County,NC,"Iredell County, NC"
57.9951986,North Carolina,Pitt,Conventional,37147,Pitt County,NC,"Pitt County, NC"
65.67766905,North Carolina,Rowan,Conventional,37159,Rowan County,NC,"Rowan County, NC"
62.13671933,North Carolina,Randolph,Conventional,37151,Randolph County,NC,"Randolph County, NC"
65.20316727,North Carolina,Brunswick,Conventional,37019,Brunswick County,NC,"Brunswick County, NC"
77.93689636,North Carolina,Harnett,Conventional,37085,Harnett County,NC,"Harnett County, NC"
81.23207701,North Carolina,Robeson,Conventional,37155,Robeson County,NC,"Robeson County, NC"
60.18054189,North Carolina,Wayne,Conventional,37191,Wayne County,NC,"Wayne County, NC"
66.69103114,North Carolina,Craven,Conventional,37049,Craven County,NC,"Craven County, NC"
65.74973242,North Carolina,Moore,Conventional,37125,Moore County,NC,"Moore County, NC"
63.09116887,North Carolina,Cleveland,Conventional,37045,Cleveland County,NC,"Cleveland County, NC"
68.80679154,North Carolina,Nash,Conventional,37127,Nash County,NC,"Nash County, NC"
63.02301482,North Carolina,Lincoln,Conventional,37109,Lincoln County,NC,"Lincoln County, NC"
66.57909192,North Carolina,Wilson,Conventional,37195,Wilson County,NC,"Wilson County, NC"
65.36421568,North Carolina,Chatham,Conventional,37037,Chatham County,NC,"Chatham County, NC"
72.647698,North Carolina,Franklin,Conventional,37069,Franklin County,NC,"Franklin County, NC"
60.58920253,North Carolina,Carteret,Conventional,37031,Carteret County,NC,"Carteret County, NC"
71.60720824,North Carolina,Lee,Conventional,37105,Lee County,NC,"Lee County, NC"
54.82515596,North Carolina,Stanly,Conventional,37167,Stanly County,NC,"Stanly County, NC"
62.72710355,North Carolina,Pender,Conventional,37141,Pender County,NC,"Pender County, NC"
66.74520661,North Carolina,Sampson,Conventional,37163,Sampson County,NC,"Sampson County, NC"
58.10156153,North Carolina,Lenoir,Conventional,37107,Lenoir County,NC,"Lenoir County, NC"
62.24001396,North Carolina,Hoke,Conventional,37093,Hoke County,NC,"Hoke County, NC"
62.34243166,North Carolina,Columbus,Conventional,37047,Columbus County,NC,"Columbus County, NC"
62.8182237,North Carolina,Duplin,Conventional,37061,Duplin County,NC,"Duplin County, NC"
68.34318148,North Carolina,Edgecombe,Conventional,37065,Edgecombe County,NC,"Edgecombe County, NC"
58.60683596,North Carolina,Halifax,Conventional,37083,Halifax County,NC,"Halifax County, NC"
63.6517372,North Carolina,Beaufort,Conventional,37013,Beaufort County,NC,"Beaufort County, NC"
63.36527272,North Carolina,Richmond,Conventional,37153,Richmond County,NC,"Richmond County, NC"
62.66785965,North Carolina,Davie,Conventional,37059,Davie County,NC,"Davie County, NC"
63.6667317,North Carolina,Pasquotank,Conventional,37139,Pasquotank County,NC,"Pasquotank County, NC"
61.58451499,North Carolina,Scotland,Conventional,37165,Scotland County,NC,"Scotland County, NC"
61.52623389,North Carolina,Bladen,Conventional,37017,Bladen County,NC,"Bladen County, NC"
67.70977999,North Carolina,Montgomery,Conventional,37123,Montgomery County,NC,"Montgomery County, NC"
60.51993541,North Carolina,Anson,Conventional,37007,Anson County,NC,"Anson County, NC"
64.99297811,North Carolina,Martin,Conventional,37117,Martin County,NC,"Martin County, NC"
51.15027289,North Carolina,Hertford,Conventional,37091,Hertford County,NC,"Hertford County, NC"
66.53941883,North Carolina,Greene,Conventional,37079,Greene County,NC,"Greene County, NC"
61.89604769,North Carolina,Warren,Conventional,37185,Warren County,NC,"Warren County, NC"
57.67122426,North Carolina,Bertie,Conventional,37015,Bertie County,NC,"Bertie County, NC"
58.23945728,North Carolina,Northampton,Conventional,37131,Northampton County,NC,"Northampton County, NC"
60.19860854,North Carolina,Chowan,Conventional,37041,Chowan County,NC,"Chowan County, NC"
70.42782875,North Carolina,Perquimans,Conventional,37143,Perquimans County,NC,"Perquimans County, NC"
63.17515495,North Carolina,Pamlico,Conventional,37137,Pamlico County,NC,"Pamlico County, NC"
66.10307684,North Carolina,Washington,Conventional,37187,Washington County,NC,"Washington County, NC"
62.99201908,North Carolina,Camden,Conventional,37029,Camden County,NC,"Camden County, NC"
54.07013469,North Carolina,Gates,Conventional,37073,Gates County,NC,"Gates County, NC"
73.52256821,North Carolina,Jones,Conventional,37103,Jones County,NC,"Jones County, NC"
61.89487963,North Carolina,Hyde,Conventional,37095,Hyde County,NC,"Hyde County, NC"
61.11659042,North Carolina,Tyrrell,Conventional,37177,Tyrrell County,NC,"Tyrrell County, NC"
78.25656793,Oklahoma,Oklahoma,Conventional,40109,Oklahoma County,OK,"Oklahoma County, OK"
74.11112266,Oklahoma,Canadian,Conventional,40017,Canadian County,OK,"Canadian County, OK"
134.8793548,Oklahoma,Comanche,Conventional,40031,Comanche County,OK,"Comanche County, OK"
73.26616449,Oklahoma,Garfield,Conventional,40047,Garfield County,OK,"Garfield County, OK"
74.87790553,Oklahoma,Grady,Conventional,40051,Grady County,OK,"Grady County, OK"
72.18438251,Oklahoma,Kay,Conventional,40071,Kay County,OK,"Kay County, OK"
75.09069161,Oklahoma,McClain,Conventional,40087,McClain County,OK,"McClain County, OK"
77.31468592,Oklahoma,Delaware,Conventional,40041,Delaware County,OK,"Delaware County, OK"
95.06641451,Oklahoma,Lincoln,Conventional,40081,Lincoln County,OK,"Lincoln County, OK"
75.76975527,Oklahoma,McCurtain,Conventional,40089,McCurtain County,OK,"McCurtain County, OK"
89.34275419,Oklahoma,Custer,Conventional,40039,Custer County,OK,"Custer County, OK"
69.17399648,Oklahoma,Caddo,Conventional,40015,Caddo County,OK,"Caddo County, OK"
60.15682927,Oklahoma,Jackson,Conventional,40065,Jackson County,OK,"Jackson County, OK"
77.54379055,Oklahoma,Beckham,Conventional,40009,Beckham County,OK,"Beckham County, OK"
58.99307073,Oklahoma,Texas,Conventional,40139,Texas County,OK,"Texas County, OK"
70.80105068,Oklahoma,Woodward,Conventional,40153,Woodward County,OK,"Woodward County, OK"
84.98771709,Oklahoma,Marshall,Conventional,40095,Marshall County,OK,"Marshall County, OK"
74.64091428,Oklahoma,Kingfisher,Conventional,40073,Kingfisher County,OK,"Kingfisher County, OK"
90.06265765,Oklahoma,Haskell,Conventional,40061,Haskell County,OK,"Haskell County, OK"
83.64038414,Oklahoma,Okfuskee,Conventional,40107,Okfuskee County,OK,"Okfuskee County, OK"
72.48873572,Oklahoma,Noble,Conventional,40103,Noble County,OK,"Noble County, OK"
77.06056772,Oklahoma,Washita,Conventional,40149,Washita County,OK,"Washita County, OK"
71.84172078,Oklahoma,Blaine,Conventional,40011,Blaine County,OK,"Blaine County, OK"
127.3023021,Oklahoma,Kiowa,Conventional,40075,Kiowa County,OK,"Kiowa County, OK"
74.18050514,Oklahoma,Major,Conventional,40093,Major County,OK,"Major County, OK"
81.22185041,Oklahoma,Tillman,Conventional,40141,Tillman County,OK,"Tillman County, OK"
72.97132488,Oklahoma,Alfalfa,Conventional,40003,Alfalfa County,OK,"Alfalfa County, OK"
125.3252095,Oklahoma,Cotton,Conventional,40033,Cotton County,OK,"Cotton County, OK"
81.18013688,Oklahoma,Greer,Conventional,40055,Greer County,OK,"Greer County, OK"
74.73965245,Oklahoma,Beaver,Conventional,40007,Beaver County,OK,"Beaver County, OK"
71.86407206,Oklahoma,Dewey,Conventional,40043,Dewey County,OK,"Dewey County, OK"
105.2321568,Oklahoma,Grant,Conventional,40053,Grant County,OK,"Grant County, OK"
73.73531415,Oklahoma,Ellis,Conventional,40045,Ellis County,OK,"Ellis County, OK"
57.40996105,Oklahoma,Roger Mills,Conventional,40129,Roger Mills County,OK,"Roger Mills County, OK"
74.69157268,Oklahoma,Harper,Conventional,40059,Harper County,OK,"Harper County, OK"
60.05818334,Oklahoma,Harmon,Conventional,40057,Harmon County,OK,"Harmon County, OK"
70.91021418,Oklahoma,Cimarron,Conventional,40025,Cimarron County,OK,"Cimarron County, OK"
81.04914457,South Carolina,Richland,Conventional,45079,Richland County,SC,"Richland County, SC"
83.23444526,South Carolina,Horry,Conventional,45051,Horry County,SC,"Horry County, SC"
92.80051687,South Carolina,Lexington,Conventional,45063,Lexington County,SC,"Lexington County, SC"
90.71575694,South Carolina,York,Conventional,45091,York County,SC,"York County, SC"
81.28023377,South Carolina,Berkeley,Conventional,45015,Berkeley County,SC,"Berkeley County, SC"
83.08745736,South Carolina,Anderson,Conventional,45007,Anderson County,SC,"Anderson County, SC"
81.36391215,South Carolina,Aiken,Conventional,45003,Aiken County,SC,"Aiken County, SC"
86.31650046,South Carolina,Dorchester,Conventional,45035,Dorchester County,SC,"Dorchester County, SC"
89.21522416,South Carolina,Florence,Conventional,45041,Florence County,SC,"Florence County, SC"
60.61548325,South Carolina,Sumter,Conventional,45085,Sumter County,SC,"Sumter County, SC"
87.28174783,South Carolina,Lancaster,Conventional,45057,Lancaster County,SC,"Lancaster County, SC"
80.43508145,South Carolina,Orangeburg,Conventional,45075,Orangeburg County,SC,"Orangeburg County, SC"
81.11000266,South Carolina,Kershaw,Conventional,45055,Kershaw County,SC,"Kershaw County, SC"
82.27749063,South Carolina,Georgetown,Conventional,45043,Georgetown County,SC,"Georgetown County, SC"
73.01922096,South Carolina,Darlington,Conventional,45031,Darlington County,SC,"Darlington County, SC"
78.85571877,South Carolina,Chesterfield,Conventional,45025,Chesterfield County,SC,"Chesterfield County, SC"
116.9859216,South Carolina,Colleton,Conventional,45029,Colleton County,SC,"Colleton County, SC"
78.85140907,South Carolina,Newberry,Conventional,45071,Newberry County,SC,"Newberry County, SC"
84.17209315,South Carolina,Chester,Conventional,45023,Chester County,SC,"Chester County, SC"
76.60150924,South Carolina,Clarendon,Conventional,45027,Clarendon County,SC,"Clarendon County, SC"
86.72585789,South Carolina,Williamsburg,Conventional,45089,Williamsburg County,SC,"Williamsburg County, SC"
82.4168248,South Carolina,Jasper,Conventional,45053,Jasper County,SC,"Jasper County, SC"
78.75538635,South Carolina,Marion,Conventional,45067,Marion County,SC,"Marion County, SC"
85.5251232,South Carolina,Dillon,Conventional,45033,Dillon County,SC,"Dillon County, SC"
78.35353674,South Carolina,Marlboro,Conventional,45069,Marlboro County,SC,"Marlboro County, SC"
98.0991054,South Carolina,Edgefield,Conventional,45037,Edgefield County,SC,"Edgefield County, SC"
100.0458209,South Carolina,Abbeville,Conventional,45001,Abbeville County,SC,"Abbeville County, SC"
91.89639007,South Carolina,Barnwell,Conventional,45011,Barnwell County,SC,"Barnwell County, SC"
81.68422219,South Carolina,Hampton,Conventional,45049,Hampton County,SC,"Hampton County, SC"
68.15603341,South Carolina,Lee,Conventional,45061,Lee County,SC,"Lee County, SC"
71.51901924,South Carolina,Calhoun,Conventional,45017,Calhoun County,SC,"Calhoun County, SC"
79.62385676,South Carolina,Bamberg,Conventional,45009,Bamberg County,SC,"Bamberg County, SC"
79.7390313,South Carolina,Allendale,Conventional,45005,Allendale County,SC,"Allendale County, SC"
60.40503393,Tennessee,Shelby,Conventional,47157,Shelby County,TN,"Shelby County, TN"
60.92565372,Tennessee,Rutherford,Conventional,47149,Rutherford County,TN,"Rutherford County, TN"
62.96509139,Tennessee,Bradley,Conventional,47011,Bradley County,TN,"Bradley County, TN"
65.68293214,Tennessee,Madison,Conventional,47113,Madison County,TN,"Madison County, TN"
68.48921146,Tennessee,Tipton,Conventional,47167,Tipton County,TN,"Tipton County, TN"
63.00214023,Tennessee,Coffee,Conventional,47031,Coffee County,TN,"Coffee County, TN"
65.37658517,Tennessee,Carter,Conventional,47019,Carter County,TN,"Carter County, TN"
60.09711016,Tennessee,Gibson,Conventional,47053,Gibson County,TN,"Gibson County, TN"
62.38289847,Tennessee,Lawrence,Conventional,47099,Lawrence County,TN,"Lawrence County, TN"
60.94124894,Tennessee,Franklin,Conventional,47051,Franklin County,TN,"Franklin County, TN"
65.63190025,Tennessee,Fayette,Conventional,47047,Fayette County,TN,"Fayette County, TN"
61.19005484,Tennessee,Dyer,Conventional,47045,Dyer County,TN,"Dyer County, TN"
63.41764986,Tennessee,Lincoln,Conventional,47103,Lincoln County,TN,"Lincoln County, TN"
61.41115764,Tennessee,Weakley,Conventional,47183,Weakley County,TN,"Weakley County, TN"
62.13575713,Tennessee,Henry,Conventional,47079,Henry County,TN,"Henry County, TN"
60.82591128,Tennessee,Obion,Conventional,47131,Obion County,TN,"Obion County, TN"
61.19147822,Tennessee,Giles,Conventional,47055,Giles County,TN,"Giles County, TN"
53.26858587,Tennessee,Carroll,Conventional,47017,Carroll County,TN,"Carroll County, TN"
65.18873687,Tennessee,Henderson,Conventional,47077,Henderson County,TN,"Henderson County, TN"
62.69944262,Tennessee,Hardin,Conventional,47071,Hardin County,TN,"Hardin County, TN"
72.92232437,Tennessee,McNairy,Conventional,47109,McNairy County,TN,"McNairy County, TN"
68.49392842,Tennessee,Hardeman,Conventional,47069,Hardeman County,TN,"Hardeman County, TN"
65.39091644,Tennessee,Macon,Conventional,47111,Macon County,TN,"Macon County, TN"
53.74231466,Tennessee,Lauderdale,Conventional,47097,Lauderdale County,TN,"Lauderdale County, TN"
65.38298991,Tennessee,Grainger,Conventional,47057,Grainger County,TN,"Grainger County, TN"
63.68732116,Tennessee,Haywood,Conventional,47075,Haywood County,TN,"Haywood County, TN"
76.22877897,Tennessee,Chester,Conventional,47023,Chester County,TN,"Chester County, TN"
57.16168089,Tennessee,Crockett,Conventional,47033,Crockett County,TN,"Crockett County, TN"
62.11210117,Tennessee,Decatur,Conventional,47039,Decatur County,TN,"Decatur County, TN"
61.74623744,Tennessee,Lake,Conventional,47095,Lake County,TN,"Lake County, TN"
64.801112,Texas,Harris,Conventional,48201,Harris County,TX,"Harris County, TX"
56.66328366,Texas,Bexar,Conventional,48029,Bexar County,TX,"Bexar County, TX"
55.07717172,Texas,Travis,Conventional,48453,Travis County,TX,"Travis County, TX"
60.88327474,Texas,Collin,Conventional,48085,Collin County,TX,"Collin County, TX"
62.50503377,Texas,Denton,Conventional,48121,Denton County,TX,"Denton County, TX"
31.42970424,Texas,Hidalgo,Conventional,48215,Hidalgo County,TX,"Hidalgo County, TX"
55.69709598,Texas,El Paso,Conventional,48141,El Paso County,TX,"El Paso County, TX"
48.44168187,Texas,Fort Bend,Conventional,48157,Fort Bend County,TX,"Fort Bend County, TX"
52.8778906,Texas,Williamson,Conventional,48491,Williamson County,TX,"Williamson County, TX"
54.82258772,Texas,Cameron,Conventional,48061,Cameron County,TX,"Cameron County, TX"
34.26129089,Texas,Brazoria,Conventional,48039,Brazoria County,TX,"Brazoria County, TX"
58.94700167,Texas,Bell,Conventional,48027,Bell County,TX,"Bell County, TX"
33.65727586,Texas,Nueces,Conventional,48355,Nueces County,TX,"Nueces County, TX"
64.96880785,Texas,Lubbock,Conventional,48303,Lubbock County,TX,"Lubbock County, TX"
51.42954967,Texas,Webb,Conventional,48479,Webb County,TX,"Webb County, TX"
63.18471513,Texas,McLennan,Conventional,48309,McLennan County,TX,"McLennan County, TX"
54.73501678,Texas,Hays,Conventional,48209,Hays County,TX,"Hays County, TX"
55.1912635,Texas,Brazos,Conventional,48041,Brazos County,TX,"Brazos County, TX"
63.84975072,Texas,Ellis,Conventional,48139,Ellis County,TX,"Ellis County, TX"
57.21495513,Texas,Johnson,Conventional,48251,Johnson County,TX,"Johnson County, TX"
50.08855758,Texas,Guadalupe,Conventional,48187,Guadalupe County,TX,"Guadalupe County, TX"
50.81793707,Texas,Midland,Conventional,48329,Midland County,TX,"Midland County, TX"
58.94508718,Texas,Comal,Conventional,48091,Comal County,TX,"Comal County, TX"
55.06848388,Texas,Parker,Conventional,48367,Parker County,TX,"Parker County, TX"
59.33338681,Texas,Kaufman,Conventional,48257,Kaufman County,TX,"Kaufman County, TX"
75.86618618,Texas,Taylor,Conventional,48441,Taylor County,TX,"Taylor County, TX"
37.87163074,Texas,Randall,Conventional,48381,Randall County,TX,"Randall County, TX"
62.18032758,Texas,Grayson,Conventional,48181,Grayson County,TX,"Grayson County, TX"
52.70831896,Texas,Wichita,Conventional,48485,Wichita County,TX,"Wichita County, TX"
53.06351399,Texas,Tom Green,Conventional,48451,Tom Green County,TX,"Tom Green County, TX"
50.48105904,Texas,Potter,Conventional,48375,Potter County,TX,"Potter County, TX"
52.69357554,Texas,Rockwall,Conventional,48397,Rockwall County,TX,"Rockwall County, TX"
60.54760585,Texas,Hunt,Conventional,48231,Hunt County,TX,"Hunt County, TX"
84.02427977,Texas,Bastrop,Conventional,48021,Bastrop County,TX,"Bastrop County, TX"
58.91655038,Texas,Liberty,Conventional,48291,Liberty County,TX,"Liberty County, TX"
55.5677667,Texas,Bowie,Conventional,48037,Bowie County,TX,"Bowie County, TX"
34.53362472,Texas,Victoria,Conventional,48469,Victoria County,TX,"Victoria County, TX"
56.43004024,Texas,Coryell,Conventional,48099,Coryell County,TX,"Coryell County, TX"
76.42275179,Texas,Walker,Conventional,48471,Walker County,TX,"Walker County, TX"
65.96057532,Texas,Wise,Conventional,48497,Wise County,TX,"Wise County, TX"
58.90990876,Texas,Harrison,Conventional,48203,Harrison County,TX,"Harrison County, TX"
29.22610237,Texas,San Patricio,Conventional,48409,San Patricio County,TX,"San Patricio County, TX"
60.95890651,Texas,Starr,Conventional,48427,Starr County,TX,"Starr County, TX"
59.34672893,Texas,Anderson,Conventional,48001,Anderson County,TX,"Anderson County, TX"
54.4508426,Texas,Maverick,Conventional,48323,Maverick County,TX,"Maverick County, TX"
69.78103266,Texas,Waller,Conventional,48473,Waller County,TX,"Waller County, TX"
77.16495015,Texas,Navarro,Conventional,48349,Navarro County,TX,"Navarro County, TX"
21.76903358,Texas,Medina,Conventional,48325,Medina County,TX,"Medina County, TX"
60.04187224,Texas,Wilson,Conventional,48493,Wilson County,TX,"Wilson County, TX"
53.91323573,Texas,Lamar,Conventional,48277,Lamar County,TX,"Lamar County, TX"
54.89977431,Texas,Burnet,Conventional,48053,Burnet County,TX,"Burnet County, TX"
66.94370294,Texas,Atascosa,Conventional,48013,Atascosa County,TX,"Atascosa County, TX"
58.93244442,Texas,Chambers,Conventional,48071,Chambers County,TX,"Chambers County, TX"
82.61767243,Texas,Caldwell,Conventional,48055,Caldwell County,TX,"Caldwell County, TX"
54.42618142,Texas,Erath,Conventional,48143,Erath County,TX,"Erath County, TX"
60.41403177,Texas,Cooke,Conventional,48097,Cooke County,TX,"Cooke County, TX"
41.26554576,Texas,Wharton,Conventional,48481,Wharton County,TX,"Wharton County, TX"
39.45203343,Texas,Jim Wells,Conventional,48249,Jim Wells County,TX,"Jim Wells County, TX"
60.8116798,Texas,Brown,Conventional,48049,Brown County,TX,"Brown County, TX"
61.84593901,Texas,Hopkins,Conventional,48223,Hopkins County,TX,"Hopkins County, TX"
48.2890244,Texas,Matagorda,Conventional,48321,Matagorda County,TX,"Matagorda County, TX"
55.5185241,Texas,Hill,Conventional,48217,Hill County,TX,"Hill County, TX"
56.10378503,Texas,Fannin,Conventional,48147,Fannin County,TX,"Fannin County, TX"
54.41541497,Texas,Washington,Conventional,48477,Washington County,TX,"Washington County, TX"
87.49220904,Texas,Howard,Conventional,48227,Howard County,TX,"Howard County, TX"
58.92405866,Texas,Jasper,Conventional,48241,Jasper County,TX,"Jasper County, TX"
53.75968521,Texas,Hale,Conventional,48189,Hale County,TX,"Hale County, TX"
27.40929962,Texas,Bee,Conventional,48025,Bee County,TX,"Bee County, TX"
51.74883452,Texas,Kleberg,Conventional,48273,Kleberg County,TX,"Kleberg County, TX"
46.53891988,Texas,Austin,Conventional,48015,Austin County,TX,"Austin County, TX"
67.33519033,Texas,Grimes,Conventional,48185,Grimes County,TX,"Grimes County, TX"
58.92615327,Texas,San Jacinto,Conventional,48407,San Jacinto County,TX,"San Jacinto County, TX"
51.41770977,Texas,Milam,Conventional,48331,Milam County,TX,"Milam County, TX"
22.32966146,Texas,Uvalde,Conventional,48463,Uvalde County,TX,"Uvalde County, TX"
61.09678392,Texas,Fayette,Conventional,48149,Fayette County,TX,"Fayette County, TX"
58.91566923,Texas,Shelby,Conventional,48419,Shelby County,TX,"Shelby County, TX"
55.51955485,Texas,Limestone,Conventional,48293,Limestone County,TX,"Limestone County, TX"
70.72193509,Texas,Houston,Conventional,48225,Houston County,TX,"Houston County, TX"
58.94318188,Texas,Llano,Conventional,48299,Llano County,TX,"Llano County, TX"
67.33268751,Texas,Gaines,Conventional,48165,Gaines County,TX,"Gaines County, TX"
61.20001479,Texas,Hockley,Conventional,48219,Hockley County,TX,"Hockley County, TX"
34.14224527,Texas,Moore,Conventional,48341,Moore County,TX,"Moore County, TX"
40.51405831,Texas,Gray,Conventional,48179,Gray County,TX,"Gray County, TX"
52.05676886,Texas,Hutchinson,Conventional,48233,Hutchinson County,TX,"Hutchinson County, TX"
30.70069649,Texas,Colorado,Conventional,48089,Colorado County,TX,"Colorado County, TX"
39.78054277,Texas,Willacy,Conventional,48489,Willacy County,TX,"Willacy County, TX"
64.60930767,Texas,Montague,Conventional,48337,Montague County,TX,"Montague County, TX"
35.38833658,Texas,Calhoun,Conventional,48057,Calhoun County,TX,"Calhoun County, TX"
65.99498092,Texas,DeWitt,Conventional,48123,DeWitt County,TX,"DeWitt County, TX"
107.7313959,Texas,Jones,Conventional,48253,Jones County,TX,"Jones County, TX"
55.74311603,Texas,Gonzales,Conventional,48177,Gonzales County,TX,"Gonzales County, TX"
76.20090677,Texas,Freestone,Conventional,48161,Freestone County,TX,"Freestone County, TX"
48.00411275,Texas,Deaf Smith,Conventional,48117,Deaf Smith County,TX,"Deaf Smith County, TX"
76.00306481,Texas,Bosque,Conventional,48035,Bosque County,TX,"Bosque County, TX"
50.5840399,Texas,Andrews,Conventional,48003,Andrews County,TX,"Andrews County, TX"
28.86250696,Texas,Frio,Conventional,48163,Frio County,TX,"Frio County, TX"
41.90417127,Texas,Burleson,Conventional,48051,Burleson County,TX,"Burleson County, TX"
53.50212085,Texas,Young,Conventional,48503,Young County,TX,"Young County, TX"
69.23194716,Texas,Eastland,Conventional,48133,Eastland County,TX,"Eastland County, TX"
54.42754575,Texas,Falls,Conventional,48145,Falls County,TX,"Falls County, TX"
30.08513531,Texas,Robertson,Conventional,48395,Robertson County,TX,"Robertson County, TX"
98.29493937,Texas,Scurry,Conventional,48415,Scurry County,TX,"Scurry County, TX"
60.84600594,Texas,Pecos,Conventional,48371,Pecos County,TX,"Pecos County, TX"
34.69837974,Texas,Jackson,Conventional,48239,Jackson County,TX,"Jackson County, TX"
55.88863981,Texas,Karnes,Conventional,48255,Karnes County,TX,"Karnes County, TX"
69.58254523,Texas,Nolan,Conventional,48353,Nolan County,TX,"Nolan County, TX"
67.13958854,Texas,Reeves,Conventional,48389,Reeves County,TX,"Reeves County, TX"
53.05590088,Texas,Zapata,Conventional,48505,Zapata County,TX,"Zapata County, TX"
54.4793676,Texas,Callahan,Conventional,48059,Callahan County,TX,"Callahan County, TX"
77.56034635,Texas,Comanche,Conventional,48093,Comanche County,TX,"Comanche County, TX"
58.46301427,Texas,Madison,Conventional,48313,Madison County,TX,"Madison County, TX"
46.38656885,Texas,Lamb,Conventional,48279,Lamb County,TX,"Lamb County, TX"
58.37893437,Texas,Wilbarger,Conventional,48487,Wilbarger County,TX,"Wilbarger County, TX"
73.61069097,Texas,Dawson,Conventional,48115,Dawson County,TX,"Dawson County, TX"
68.24896123,Texas,Terry,Conventional,48445,Terry County,TX,"Terry County, TX"
54.62410416,Texas,Red River,Conventional,48387,Red River County,TX,"Red River County, TX"
58.94360629,Texas,Blanco,Conventional,48031,Blanco County,TX,"Blanco County, TX"
43.22319977,Texas,Live Oak,Conventional,48297,Live Oak County,TX,"Live Oak County, TX"
58.91003944,Texas,Franklin,Conventional,48159,Franklin County,TX,"Franklin County, TX"
54.17315226,Texas,Clay,Conventional,48077,Clay County,TX,"Clay County, TX"
51.19131119,Texas,Duval,Conventional,48131,Duval County,TX,"Duval County, TX"
49.24111286,Texas,Ochiltree,Conventional,48357,Ochiltree County,TX,"Ochiltree County, TX"
92.73547626,Texas,Runnels,Conventional,48399,Runnels County,TX,"Runnels County, TX"
46.58017994,Texas,Parmer,Conventional,48369,Parmer County,TX,"Parmer County, TX"
22.38234545,Texas,Zavala,Conventional,48507,Zavala County,TX,"Zavala County, TX"
58.90815491,Texas,Marion,Conventional,48315,Marion County,TX,"Marion County, TX"
58.96697552,Texas,Brewster,Conventional,48043,Brewster County,TX,"Brewster County, TX"
76.17292924,Texas,Mitchell,Conventional,48335,Mitchell County,TX,"Mitchell County, TX"
55.71889853,Texas,Dimmit,Conventional,48127,Dimmit County,TX,"Dimmit County, TX"
53.27931489,Texas,Archer,Conventional,48009,Archer County,TX,"Archer County, TX"
61.88884266,Texas,Jack,Conventional,48237,Jack County,TX,"Jack County, TX"
68.89067016,Texas,Hamilton,Conventional,48193,Hamilton County,TX,"Hamilton County, TX"
149.6792367,Texas,Coleman,Conventional,48083,Coleman County,TX,"Coleman County, TX"
76.4786284,Texas,McCulloch,Conventional,48307,McCulloch County,TX,"McCulloch County, TX"
76.0022863,Texas,Yoakum,Conventional,48501,Yoakum County,TX,"Yoakum County, TX"
30.8426548,Texas,Castro,Conventional,48069,Castro County,TX,"Castro County, TX"
54.41423021,Texas,Dallam,Conventional,48111,Dallam County,TX,"Dallam County, TX"
55.44607978,Texas,Goliad,Conventional,48175,Goliad County,TX,"Goliad County, TX"
50.38133061,Texas,Brooks,Conventional,48047,Brooks County,TX,"Brooks County, TX"
53.18338336,Texas,Swisher,Conventional,48437,Swisher County,TX,"Swisher County, TX"
56.59968087,Texas,Bailey,Conventional,48017,Bailey County,TX,"Bailey County, TX"
50.11501973,Texas,Childress,Conventional,48075,Childress County,TX,"Childress County, TX"
28.27918442,Texas,Refugio,Conventional,48391,Refugio County,TX,"Refugio County, TX"
38.81744106,Texas,Carson,Conventional,48065,Carson County,TX,"Carson County, TX"
54.56583576,Texas,San Saba,Conventional,48411,San Saba County,TX,"San Saba County, TX"
51.43228031,Texas,Garza,Conventional,48169,Garza County,TX,"Garza County, TX"
78.23934919,Texas,Lynn,Conventional,48305,Lynn County,TX,"Lynn County, TX"
99.76055006,Texas,Haskell,Conventional,48207,Haskell County,TX,"Haskell County, TX"
48.46430941,Texas,Floyd,Conventional,48153,Floyd County,TX,"Floyd County, TX"
31.37652354,Texas,Hartley,Conventional,48205,Hartley County,TX,"Hartley County, TX"
54.54239156,Texas,Delta,Conventional,48119,Delta County,TX,"Delta County, TX"
35.29480507,Texas,Hansford,Conventional,48195,Hansford County,TX,"Hansford County, TX"
83.28974005,Texas,Martin,Conventional,48317,Martin County,TX,"Martin County, TX"
58.13905727,Texas,Crosby,Conventional,48107,Crosby County,TX,"Crosby County, TX"
54.9533362,Texas,Wheeler,Conventional,48483,Wheeler County,TX,"Wheeler County, TX"
67.11732389,Texas,Mills,Conventional,48333,Mills County,TX,"Mills County, TX"
134.5728623,Texas,Fisher,Conventional,48151,Fisher County,TX,"Fisher County, TX"
35.88368238,Texas,Hardeman,Conventional,48197,Hardeman County,TX,"Hardeman County, TX"
51.05857229,Texas,Baylor,Conventional,48023,Baylor County,TX,"Baylor County, TX"
53.63587059,Texas,Hemphill,Conventional,48211,Hemphill County,TX,"Hemphill County, TX"
58.95147909,Texas,Sutton,Conventional,48435,Sutton County,TX,"Sutton County, TX"
46.80675835,Texas,Knox,Conventional,48275,Knox County,TX,"Knox County, TX"
31.5067668,Texas,Hudspeth,Conventional,48229,Hudspeth County,TX,"Hudspeth County, TX"
77.04418061,Texas,Reagan,Conventional,48383,Reagan County,TX,"Reagan County, TX"
50.72579014,Texas,Coke,Conventional,48081,Coke County,TX,"Coke County, TX"
50.57023067,Texas,Donley,Conventional,48129,Donley County,TX,"Donley County, TX"
71.84527244,Texas,Upton,Conventional,48461,Upton County,TX,"Upton County, TX"
72.00143543,Texas,Concho,Conventional,48095,Concho County,TX,"Concho County, TX"
50.94511321,Texas,Kinney,Conventional,48271,Kinney County,TX,"Kinney County, TX"
51.59215363,Texas,Shackelford,Conventional,48417,Shackelford County,TX,"Shackelford County, TX"
61.48672487,Texas,Lipscomb,Conventional,48295,Lipscomb County,TX,"Lipscomb County, TX"
50.12235081,Texas,Collingsworth,Conventional,48087,Collingsworth County,TX,"Collingsworth County, TX"
63.4370034,Texas,Hall,Conventional,48191,Hall County,TX,"Hall County, TX"
64.29151132,Texas,Cochran,Conventional,48079,Cochran County,TX,"Cochran County, TX"
71.06303454,Texas,Schleicher,Conventional,48413,Schleicher County,TX,"Schleicher County, TX"
35.27792109,Texas,Sherman,Conventional,48421,Sherman County,TX,"Sherman County, TX"
54.4436077,Texas,Culberson,Conventional,48109,Culberson County,TX,"Culberson County, TX"
54.48101617,Texas,Oldham,Conventional,48359,Oldham County,TX,"Oldham County, TX"
50.59355826,Texas,Armstrong,Conventional,48011,Armstrong County,TX,"Armstrong County, TX"
103.948887,Texas,Cottle,Conventional,48101,Cottle County,TX,"Cottle County, TX"
93.92616984,Texas,Dickens,Conventional,48125,Dickens County,TX,"Dickens County, TX"
52.663132,Texas,Irion,Conventional,48235,Irion County,TX,"Irion County, TX"
51.31663161,Texas,Throckmorton,Conventional,48447,Throckmorton County,TX,"Throckmorton County, TX"
50.04340113,Texas,Stonewall,Conventional,48433,Stonewall County,TX,"Stonewall County, TX"
45.29274604,Texas,Briscoe,Conventional,48045,Briscoe County,TX,"Briscoe County, TX"
118.6269357,Texas,Motley,Conventional,48345,Motley County,TX,"Motley County, TX"
50.34011744,Texas,Foard,Conventional,48155,Foard County,TX,"Foard County, TX"
73.46258311,Texas,Glasscock,Conventional,48173,Glasscock County,TX,"Glasscock County, TX"
51.12690033,Texas,Roberts,Conventional,48393,Roberts County,TX,"Roberts County, TX"
127.8640575,Texas,Borden,Conventional,48033,Borden County,TX,"Borden County, TX"
50.08945392,Texas,Kent,Conventional,48263,Kent County,TX,"Kent County, TX"
51.87735053,Texas,King,Conventional,48269,King County,TX,"King County, TX"
44.36267471,Virginia,Isle of Wight,Conventional,51093,Isle of Wight County,VA,"Isle of Wight County, VA"
44.11408005,Virginia,Accomack,Conventional,51001,Accomack County,VA,"Accomack County, VA"
44.12867004,Virginia,Dinwiddie,Conventional,51053,Dinwiddie County,VA,"Dinwiddie County, VA"
43.10443791,Virginia,Southampton,Conventional,51175,Southampton County,VA,"Southampton County, VA"
47.54767102,Virginia,Brunswick,Conventional,51025,Brunswick County,VA,"Brunswick County, VA"
47.98892911,Virginia,Northampton,Conventional,51131,Northampton County,VA,"Northampton County, VA"
45.24308206,Virginia,Northumberland,Conventional,51133,Northumberland County,VA,"Northumberland County, VA"
56.14910159,Virginia,Greensville,Conventional,51081,Greensville County,VA,"Greensville County, VA"
52.5604637,Virginia,Sussex,Conventional,51183,Sussex County,VA,"Sussex County, VA"
45.55224268,Virginia,Charles City,Conventional,51036,Charles City County,VA,"Charles City County, VA"
45.05748722,Virginia,Surry,Conventional,51181,Surry County,VA,"Surry County, VA"
3.151782368,Texas,Harris,Organic,48201,Harris County,TX,"Harris County, TX"
3.167582305,Texas,Bexar,Organic,48029,Bexar County,TX,"Bexar County, TX"
3.159583102,Texas,Travis,Organic,48453,Travis County,TX,"Travis County, TX"
3.138564966,Texas,Collin,Organic,48085,Collin County,TX,"Collin County, TX"
3.144084837,Texas,Denton,Organic,48121,Denton County,TX,"Denton County, TX"
3.189726522,Texas,Hidalgo,Organic,48215,Hidalgo County,TX,"Hidalgo County, TX"
3.194470839,Texas,El Paso,Organic,48141,El Paso County,TX,"El Paso County, TX"
3.154981683,Texas,Fort Bend,Organic,48157,Fort Bend County,TX,"Fort Bend County, TX"
3.157214913,Texas,Williamson,Organic,48491,Williamson County,TX,"Williamson County, TX"
3.185535475,Texas,Cameron,Organic,48061,Cameron County,TX,"Cameron County, TX"
3.155920897,Texas,Brazoria,Organic,48039,Brazoria County,TX,"Brazoria County, TX"
3.154158496,Texas,Bell,Organic,48027,Bell County,TX,"Bell County, TX"
3.173002026,Texas,Nueces,Organic,48355,Nueces County,TX,"Nueces County, TX"
3.161952513,Texas,Lubbock,Organic,48303,Lubbock County,TX,"Lubbock County, TX"
3.184394127,Texas,Webb,Organic,48479,Webb County,TX,"Webb County, TX"
3.150215381,Texas,McLennan,Organic,48309,McLennan County,TX,"McLennan County, TX"
3.162969893,Texas,Hays,Organic,48209,Hays County,TX,"Hays County, TX"
3.149436773,Texas,Brazos,Organic,48041,Brazos County,TX,"Brazos County, TX"
3.143827744,Texas,Ellis,Organic,48139,Ellis County,TX,"Ellis County, TX"
3.145342212,Texas,Johnson,Organic,48251,Johnson County,TX,"Johnson County, TX"
3.165573192,Texas,Guadalupe,Organic,48187,Guadalupe County,TX,"Guadalupe County, TX"
3.170053087,Texas,Midland,Organic,48329,Midland County,TX,"Midland County, TX"
3.165760058,Texas,Comal,Organic,48091,Comal County,TX,"Comal County, TX"
3.1466289,Texas,Parker,Organic,48367,Parker County,TX,"Parker County, TX"
3.139811959,Texas,Kaufman,Organic,48257,Kaufman County,TX,"Kaufman County, TX"
3.157567882,Texas,Taylor,Organic,48441,Taylor County,TX,"Taylor County, TX"
3.155094046,Texas,Randall,Organic,48381,Randall County,TX,"Randall County, TX"
3.135147641,Texas,Grayson,Organic,48181,Grayson County,TX,"Grayson County, TX"
3.141880919,Texas,Wichita,Organic,48485,Wichita County,TX,"Wichita County, TX"
3.165559146,Texas,Tom Green,Organic,48451,Tom Green County,TX,"Tom Green County, TX"
3.15456215,Texas,Potter,Organic,48375,Potter County,TX,"Potter County, TX"
3.138391534,Texas,Rockwall,Organic,48397,Rockwall County,TX,"Rockwall County, TX"
3.135877395,Texas,Hunt,Organic,48231,Hunt County,TX,"Hunt County, TX"
3.160462471,Texas,Bastrop,Organic,48021,Bastrop County,TX,"Bastrop County, TX"
3.149933861,Texas,Liberty,Organic,48291,Liberty County,TX,"Liberty County, TX"
3.125620534,Texas,Bowie,Organic,48037,Bowie County,TX,"Bowie County, TX"
3.164123454,Texas,Victoria,Organic,48469,Victoria County,TX,"Victoria County, TX"
3.15428063,Texas,Coryell,Organic,48099,Coryell County,TX,"Coryell County, TX"
3.147293923,Texas,Walker,Organic,48471,Walker County,TX,"Walker County, TX"
3.145532132,Texas,Wise,Organic,48497,Wise County,TX,"Wise County, TX"
3.13058164,Texas,Harrison,Organic,48203,Harrison County,TX,"Harrison County, TX"
3.170864671,Texas,San Patricio,Organic,48409,San Patricio County,TX,"San Patricio County, TX"
3.190085598,Texas,Starr,Organic,48427,Starr County,TX,"Starr County, TX"
3.139666619,Texas,Anderson,Organic,48001,Anderson County,TX,"Anderson County, TX"
3.180821692,Texas,Maverick,Organic,48323,Maverick County,TX,"Maverick County, TX"
3.154639706,Texas,Waller,Organic,48473,Waller County,TX,"Waller County, TX"
3.14350653,Texas,Navarro,Organic,48349,Navarro County,TX,"Navarro County, TX"
3.171295806,Texas,Medina,Organic,48325,Medina County,TX,"Medina County, TX"
3.168823192,Texas,Wilson,Organic,48493,Wilson County,TX,"Wilson County, TX"
3.132526633,Texas,Lamar,Organic,48277,Lamar County,TX,"Lamar County, TX"
3.160328734,Texas,Burnet,Organic,48053,Burnet County,TX,"Burnet County, TX"
3.171248174,Texas,Atascosa,Organic,48013,Atascosa County,TX,"Atascosa County, TX"
3.153117298,Texas,Chambers,Organic,48071,Chambers County,TX,"Chambers County, TX"
3.163151874,Texas,Caldwell,Organic,48055,Caldwell County,TX,"Caldwell County, TX"
3.151328638,Texas,Erath,Organic,48143,Erath County,TX,"Erath County, TX"
3.141379557,Texas,Cooke,Organic,48097,Cooke County,TX,"Cooke County, TX"
3.158560836,Texas,Wharton,Organic,48481,Wharton County,TX,"Wharton County, TX"
3.179320658,Texas,Jim Wells,Organic,48249,Jim Wells County,TX,"Jim Wells County, TX"
3.156718436,Texas,Brown,Organic,48049,Brown County,TX,"Brown County, TX"
3.132683576,Texas,Hopkins,Organic,48223,Hopkins County,TX,"Hopkins County, TX"
3.16048873,Texas,Matagorda,Organic,48321,Matagorda County,TX,"Matagorda County, TX"
3.146787675,Texas,Hill,Organic,48217,Hill County,TX,"Hill County, TX"
3.135724726,Texas,Fannin,Organic,48147,Fannin County,TX,"Fannin County, TX"
3.153379888,Texas,Washington,Organic,48477,Washington County,TX,"Washington County, TX"
3.164007427,Texas,Howard,Organic,48227,Howard County,TX,"Howard County, TX"
3.14473154,Texas,Jasper,Organic,48241,Jasper County,TX,"Jasper County, TX"
3.161901216,Texas,Hale,Organic,48189,Hale County,TX,"Hale County, TX"
3.173207212,Texas,Bee,Organic,48025,Bee County,TX,"Bee County, TX"
3.176004094,Texas,Kleberg,Organic,48273,Kleberg County,TX,"Kleberg County, TX"
3.154749627,Texas,Austin,Organic,48015,Austin County,TX,"Austin County, TX"
3.149446544,Texas,Grimes,Organic,48185,Grimes County,TX,"Grimes County, TX"
3.146826147,Texas,San Jacinto,Organic,48407,San Jacinto County,TX,"San Jacinto County, TX"
3.155462282,Texas,Milam,Organic,48331,Milam County,TX,"Milam County, TX"
3.17561021,Texas,Uvalde,Organic,48463,Uvalde County,TX,"Uvalde County, TX"
3.156704391,Texas,Fayette,Organic,48149,Fayette County,TX,"Fayette County, TX"
3.136342117,Texas,Shelby,Organic,48419,Shelby County,TX,"Shelby County, TX"
3.147320792,Texas,Limestone,Organic,48293,Limestone County,TX,"Limestone County, TX"
3.143060128,Texas,Houston,Organic,48225,Houston County,TX,"Houston County, TX"
3.163854758,Texas,Llano,Organic,48299,Llano County,TX,"Llano County, TX"
3.169872328,Texas,Gaines,Organic,48165,Gaines County,TX,"Gaines County, TX"
3.165061448,Texas,Hockley,Organic,48219,Hockley County,TX,"Hockley County, TX"
3.154645812,Texas,Moore,Organic,48341,Moore County,TX,"Moore County, TX"
3.148351608,Texas,Gray,Organic,48179,Gray County,TX,"Gray County, TX"
3.152644027,Texas,Hutchinson,Organic,48233,Hutchinson County,TX,"Hutchinson County, TX"
3.159368756,Texas,Colorado,Organic,48089,Colorado County,TX,"Colorado County, TX"
3.18256333,Texas,Willacy,Organic,48489,Willacy County,TX,"Willacy County, TX"
3.142963642,Texas,Montague,Organic,48337,Montague County,TX,"Montague County, TX"
3.165232436,Texas,Calhoun,Organic,48057,Calhoun County,TX,"Calhoun County, TX"
3.169442415,Texas,DeWitt,Organic,48123,DeWitt County,TX,"DeWitt County, TX"
3.154382613,Texas,Jones,Organic,48253,Jones County,TX,"Jones County, TX"
3.16643424,Texas,Gonzales,Organic,48177,Gonzales County,TX,"Gonzales County, TX"
3.144228345,Texas,Freestone,Organic,48161,Freestone County,TX,"Freestone County, TX"
3.159167845,Texas,Deaf Smith,Organic,48117,Deaf Smith County,TX,"Deaf Smith County, TX"
3.14936105,Texas,Bosque,Organic,48035,Bosque County,TX,"Bosque County, TX"
3.171065583,Texas,Andrews,Organic,48003,Andrews County,TX,"Andrews County, TX"
3.174431611,Texas,Frio,Organic,48163,Frio County,TX,"Frio County, TX"
3.151863587,Texas,Burleson,Organic,48051,Burleson County,TX,"Burleson County, TX"
3.147503994,Texas,Young,Organic,48503,Young County,TX,"Young County, TX"
3.153433016,Texas,Eastland,Organic,48133,Eastland County,TX,"Eastland County, TX"
3.152785703,Texas,Falls,Organic,48145,Falls County,TX,"Falls County, TX"
3.147215756,Texas,Robertson,Organic,48395,Robertson County,TX,"Robertson County, TX"
3.159906759,Texas,Scurry,Organic,48415,Scurry County,TX,"Scurry County, TX"
3.180755128,Texas,Pecos,Organic,48371,Pecos County,TX,"Pecos County, TX"
3.16172351,Texas,Jackson,Organic,48239,Jackson County,TX,"Jackson County, TX"
3.169930342,Texas,Karnes,Organic,48255,Karnes County,TX,"Karnes County, TX"
3.159788288,Texas,Nolan,Organic,48353,Nolan County,TX,"Nolan County, TX"
3.179880645,Texas,Reeves,Organic,48389,Reeves County,TX,"Reeves County, TX"
3.186762927,Texas,Zapata,Organic,48505,Zapata County,TX,"Zapata County, TX"
3.157192318,Texas,Callahan,Organic,48059,Callahan County,TX,"Callahan County, TX"
3.154960309,Texas,Comanche,Organic,48093,Comanche County,TX,"Comanche County, TX"
3.146563558,Texas,Madison,Organic,48313,Madison County,TX,"Madison County, TX"
3.163025465,Texas,Lamb,Organic,48279,Lamb County,TX,"Lamb County, TX"
3.143863773,Texas,Wilbarger,Organic,48487,Wilbarger County,TX,"Wilbarger County, TX"
3.166003105,Texas,Dawson,Organic,48115,Dawson County,TX,"Dawson County, TX"
3.166423248,Texas,Terry,Organic,48445,Terry County,TX,"Terry County, TX"
3.129230832,Texas,Red River,Organic,48387,Red River County,TX,"Red River County, TX"
3.164279176,Texas,Blanco,Organic,48031,Blanco County,TX,"Blanco County, TX"
3.175091138,Texas,Live Oak,Organic,48297,Live Oak County,TX,"Live Oak County, TX"
3.130712324,Texas,Franklin,Organic,48159,Franklin County,TX,"Franklin County, TX"
3.143703777,Texas,Clay,Organic,48077,Clay County,TX,"Clay County, TX"
3.179711488,Texas,Duval,Organic,48131,Duval County,TX,"Duval County, TX"
3.147985204,Texas,Ochiltree,Organic,48357,Ochiltree County,TX,"Ochiltree County, TX"
3.161440769,Texas,Runnels,Organic,48399,Runnels County,TX,"Runnels County, TX"
3.161129936,Texas,Parmer,Organic,48369,Parmer County,TX,"Parmer County, TX"
3.178084045,Texas,Zavala,Organic,48507,Zavala County,TX,"Zavala County, TX"
3.128827788,Texas,Marion,Organic,48315,Marion County,TX,"Marion County, TX"
3.187648403,Texas,Brewster,Organic,48043,Brewster County,TX,"Brewster County, TX"
3.161760151,Texas,Mitchell,Organic,48335,Mitchell County,TX,"Mitchell County, TX"
3.178954865,Texas,Dimmit,Organic,48127,Dimmit County,TX,"Dimmit County, TX"
3.144506812,Texas,Archer,Organic,48009,Archer County,TX,"Archer County, TX"
3.147243847,Texas,Jack,Organic,48237,Jack County,TX,"Jack County, TX"
3.152621432,Texas,Hamilton,Organic,48193,Hamilton County,TX,"Hamilton County, TX"
3.159331505,Texas,Coleman,Organic,48083,Coleman County,TX,"Coleman County, TX"
3.160741548,Texas,McCulloch,Organic,48307,McCulloch County,TX,"McCulloch County, TX"
3.169289746,Texas,Yoakum,Organic,48501,Yoakum County,TX,"Yoakum County, TX"
3.159858516,Texas,Castro,Organic,48069,Castro County,TX,"Castro County, TX"
3.155240608,Texas,Dallam,Organic,48111,Dallam County,TX,"Dallam County, TX"
3.167283686,Texas,Goliad,Organic,48175,Goliad County,TX,"Goliad County, TX"
3.185647839,Texas,Brooks,Organic,48047,Brooks County,TX,"Brooks County, TX"
3.157258881,Texas,Swisher,Organic,48437,Swisher County,TX,"Swisher County, TX"
3.164499629,Texas,Bailey,Organic,48017,Bailey County,TX,"Bailey County, TX"
3.147398348,Texas,Childress,Organic,48075,Childress County,TX,"Childress County, TX"
3.167916343,Texas,Refugio,Organic,48391,Refugio County,TX,"Refugio County, TX"
3.152091368,Texas,Carson,Organic,48065,Carson County,TX,"Carson County, TX"
3.159006016,Texas,San Saba,Organic,48411,San Saba County,TX,"San Saba County, TX"
3.161080472,Texas,Garza,Organic,48169,Garza County,TX,"Garza County, TX"
3.164068494,Texas,Lynn,Organic,48305,Lynn County,TX,"Lynn County, TX"
3.151041011,Texas,Haskell,Organic,48207,Haskell County,TX,"Haskell County, TX"
3.156629888,Texas,Floyd,Organic,48153,Floyd County,TX,"Floyd County, TX"
3.155318163,Texas,Hartley,Organic,48205,Hartley County,TX,"Hartley County, TX"
3.133807824,Texas,Delta,Organic,48119,Delta County,TX,"Delta County, TX"
3.149135101,Texas,Hansford,Organic,48195,Hansford County,TX,"Hansford County, TX"
3.167599404,Texas,Martin,Organic,48317,Martin County,TX,"Martin County, TX"
3.159134258,Texas,Crosby,Organic,48107,Crosby County,TX,"Crosby County, TX"
3.144305901,Texas,Wheeler,Organic,48483,Wheeler County,TX,"Wheeler County, TX"
3.156399054,Texas,Mills,Organic,48333,Mills County,TX,"Mills County, TX"
3.156770343,Texas,Fisher,Organic,48151,Fisher County,TX,"Fisher County, TX"
3.145598084,Texas,Hardeman,Organic,48197,Hardeman County,TX,"Hardeman County, TX"
3.146491499,Texas,Baylor,Organic,48023,Baylor County,TX,"Baylor County, TX"
3.145596252,Texas,Hemphill,Organic,48211,Hemphill County,TX,"Hemphill County, TX"
3.17215197,Texas,Sutton,Organic,48435,Sutton County,TX,"Sutton County, TX"
3.149469139,Texas,Knox,Organic,48275,Knox County,TX,"Knox County, TX"
3.192613173,Texas,Hudspeth,Organic,48229,Hudspeth County,TX,"Hudspeth County, TX"
3.171145581,Texas,Reagan,Organic,48383,Reagan County,TX,"Reagan County, TX"
3.163231261,Texas,Coke,Organic,48081,Coke County,TX,"Coke County, TX"
3.149893557,Texas,Donley,Organic,48129,Donley County,TX,"Donley County, TX"
3.173814221,Texas,Upton,Organic,48461,Upton County,TX,"Upton County, TX"
3.16488191,Texas,Concho,Organic,48095,Concho County,TX,"Concho County, TX"
3.179673627,Texas,Kinney,Organic,48271,Kinney County,TX,"Kinney County, TX"
3.152744788,Texas,Shackelford,Organic,48417,Shackelford County,TX,"Shackelford County, TX"
3.144581314,Texas,Lipscomb,Organic,48295,Lipscomb County,TX,"Lipscomb County, TX"
3.14649272,Texas,Collingsworth,Organic,48087,Collingsworth County,TX,"Collingsworth County, TX"
3.151568632,Texas,Hall,Organic,48191,Hall County,TX,"Hall County, TX"
3.16739605,Texas,Cochran,Organic,48079,Cochran County,TX,"Cochran County, TX"
3.169497375,Texas,Schleicher,Organic,48413,Schleicher County,TX,"Schleicher County, TX"
3.151189404,Texas,Sherman,Organic,48421,Sherman County,TX,"Sherman County, TX"
3.187205665,Texas,Culberson,Organic,48109,Culberson County,TX,"Culberson County, TX"
3.158805716,Texas,Oldham,Organic,48359,Oldham County,TX,"Oldham County, TX"
3.152230602,Texas,Armstrong,Organic,48011,Armstrong County,TX,"Armstrong County, TX"
3.149702416,Texas,Cottle,Organic,48101,Cottle County,TX,"Cottle County, TX"
3.155655865,Texas,Dickens,Organic,48125,Dickens County,TX,"Dickens County, TX"
3.168473277,Texas,Irion,Organic,48235,Irion County,TX,"Irion County, TX"
3.149081973,Texas,Throckmorton,Organic,48447,Throckmorton County,TX,"Throckmorton County, TX"
3.154377116,Texas,Stonewall,Organic,48433,Stonewall County,TX,"Stonewall County, TX"
3.155134351,Texas,Briscoe,Organic,48045,Briscoe County,TX,"Briscoe County, TX"
3.15310997,Texas,Motley,Organic,48345,Motley County,TX,"Motley County, TX"
3.147334227,Texas,Foard,Organic,48155,Foard County,TX,"Foard County, TX"
3.167591465,Texas,Glasscock,Organic,48173,Glasscock County,TX,"Glasscock County, TX"
3.14886213,Texas,Roberts,Organic,48393,Roberts County,TX,"Roberts County, TX"
3.162990656,Texas,Borden,Organic,48033,Borden County,TX,"Borden County, TX"
3.157858562,Texas,Kent,Organic,48263,Kent County,TX,"Kent County, TX"
3.152687385,Texas,King,Organic,48269,King County,TX,"King County, TX"
